PRAGMA foreign_keys=OFF;
BEGIN TRANSACTION;
CREATE TABLE IF NOT EXISTS "django_migrations" ("id" integer NOT NULL PRIMARY KEY AUTOINCREMENT, "app" varchar(255) NOT NULL, "name" varchar(255) NOT NULL, "applied" datetime NOT NULL);
INSERT INTO django_migrations VALUES(1,'contenttypes','0001_initial','2019-11-26 10:30:16.443075');
INSERT INTO django_migrations VALUES(2,'auth','0001_initial','2019-11-26 10:30:16.555773');
INSERT INTO django_migrations VALUES(3,'admin','0001_initial','2019-11-26 10:30:16.734290');
INSERT INTO django_migrations VALUES(4,'admin','0002_logentry_remove_auto_add','2019-11-26 10:30:16.850817');
INSERT INTO django_migrations VALUES(5,'admin','0003_logentry_add_action_flag_choices','2019-11-26 10:30:16.953100');
INSERT INTO django_migrations VALUES(6,'contenttypes','0002_remove_content_type_name','2019-11-26 10:30:17.113852');
INSERT INTO django_migrations VALUES(7,'auth','0002_alter_permission_name_max_length','2019-11-26 10:30:17.258133');
INSERT INTO django_migrations VALUES(8,'auth','0003_alter_user_email_max_length','2019-11-26 10:30:17.382486');
INSERT INTO django_migrations VALUES(9,'auth','0004_alter_user_username_opts','2019-11-26 10:30:17.554361');
INSERT INTO django_migrations VALUES(10,'auth','0005_alter_user_last_login_null','2019-11-26 10:30:17.679246');
INSERT INTO django_migrations VALUES(11,'auth','0006_require_contenttypes_0002','2019-11-26 10:30:17.792921');
INSERT INTO django_migrations VALUES(12,'auth','0007_alter_validators_add_error_messages','2019-11-26 10:30:17.876234');
INSERT INTO django_migrations VALUES(13,'auth','0008_alter_user_username_max_length','2019-11-26 10:30:18.012619');
INSERT INTO django_migrations VALUES(14,'auth','0009_alter_user_last_name_max_length','2019-11-26 10:30:18.186786');
INSERT INTO django_migrations VALUES(15,'auth','0010_alter_group_name_max_length','2019-11-26 10:30:18.399831');
INSERT INTO django_migrations VALUES(16,'auth','0011_update_proxy_permissions','2019-11-26 10:30:18.534465');
INSERT INTO django_migrations VALUES(17,'iotd','0001_initial','2019-11-26 10:30:18.642916');
INSERT INTO django_migrations VALUES(18,'sessions','0001_initial','2019-11-26 10:30:18.750938');
CREATE TABLE IF NOT EXISTS "auth_group_permissions" ("id" integer NOT NULL PRIMARY KEY AUTOINCREMENT, "group_id" integer NOT NULL REFERENCES "auth_group" ("id") DEFERRABLE INITIALLY DEFERRED, "permission_id" integer NOT NULL REFERENCES "auth_permission" ("id") DEFERRABLE INITIALLY DEFERRED);
CREATE TABLE IF NOT EXISTS "auth_user_groups" ("id" integer NOT NULL PRIMARY KEY AUTOINCREMENT, "user_id" integer NOT NULL REFERENCES "auth_user" ("id") DEFERRABLE INITIALLY DEFERRED, "group_id" integer NOT NULL REFERENCES "auth_group" ("id") DEFERRABLE INITIALLY DEFERRED);
CREATE TABLE IF NOT EXISTS "auth_user_user_permissions" ("id" integer NOT NULL PRIMARY KEY AUTOINCREMENT, "user_id" integer NOT NULL REFERENCES "auth_user" ("id") DEFERRABLE INITIALLY DEFERRED, "permission_id" integer NOT NULL REFERENCES "auth_permission" ("id") DEFERRABLE INITIALLY DEFERRED);
CREATE TABLE IF NOT EXISTS "django_admin_log" ("id" integer NOT NULL PRIMARY KEY AUTOINCREMENT, "action_time" datetime NOT NULL, "object_id" text NULL, "object_repr" varchar(200) NOT NULL, "change_message" text NOT NULL, "content_type_id" integer NULL REFERENCES "django_content_type" ("id") DEFERRABLE INITIALLY DEFERRED, "user_id" integer NOT NULL REFERENCES "auth_user" ("id") DEFERRABLE INITIALLY DEFERRED, "action_flag" smallint unsigned NOT NULL CHECK ("action_flag" >= 0));
INSERT INTO django_admin_log VALUES(1,'2019-11-26 11:07:54.347396','1','Item object (1)','',1,1,3);
INSERT INTO django_admin_log VALUES(2,'2019-11-27 01:03:05.823981','4','Item object (4)','',1,1,3);
INSERT INTO django_admin_log VALUES(3,'2019-11-27 01:03:05.964576','3','Item object (3)','',1,1,3);
INSERT INTO django_admin_log VALUES(4,'2019-11-27 01:03:06.027271','2','Item object (2)','',1,1,3);
CREATE TABLE IF NOT EXISTS "django_content_type" ("id" integer NOT NULL PRIMARY KEY AUTOINCREMENT, "app_label" varchar(100) NOT NULL, "model" varchar(100) NOT NULL);
INSERT INTO django_content_type VALUES(1,'iotd','item');
INSERT INTO django_content_type VALUES(2,'admin','logentry');
INSERT INTO django_content_type VALUES(3,'auth','permission');
INSERT INTO django_content_type VALUES(4,'auth','group');
INSERT INTO django_content_type VALUES(5,'auth','user');
INSERT INTO django_content_type VALUES(6,'contenttypes','contenttype');
INSERT INTO django_content_type VALUES(7,'sessions','session');
CREATE TABLE IF NOT EXISTS "auth_permission" ("id" integer NOT NULL PRIMARY KEY AUTOINCREMENT, "content_type_id" integer NOT NULL REFERENCES "django_content_type" ("id") DEFERRABLE INITIALLY DEFERRED, "codename" varchar(100) NOT NULL, "name" varchar(255) NOT NULL);
INSERT INTO auth_permission VALUES(1,1,'add_item','Can add item');
INSERT INTO auth_permission VALUES(2,1,'change_item','Can change item');
INSERT INTO auth_permission VALUES(3,1,'delete_item','Can delete item');
INSERT INTO auth_permission VALUES(4,1,'view_item','Can view item');
INSERT INTO auth_permission VALUES(5,2,'add_logentry','Can add log entry');
INSERT INTO auth_permission VALUES(6,2,'change_logentry','Can change log entry');
INSERT INTO auth_permission VALUES(7,2,'delete_logentry','Can delete log entry');
INSERT INTO auth_permission VALUES(8,2,'view_logentry','Can view log entry');
INSERT INTO auth_permission VALUES(9,3,'add_permission','Can add permission');
INSERT INTO auth_permission VALUES(10,3,'change_permission','Can change permission');
INSERT INTO auth_permission VALUES(11,3,'delete_permission','Can delete permission');
INSERT INTO auth_permission VALUES(12,3,'view_permission','Can view permission');
INSERT INTO auth_permission VALUES(13,4,'add_group','Can add group');
INSERT INTO auth_permission VALUES(14,4,'change_group','Can change group');
INSERT INTO auth_permission VALUES(15,4,'delete_group','Can delete group');
INSERT INTO auth_permission VALUES(16,4,'view_group','Can view group');
INSERT INTO auth_permission VALUES(17,5,'add_user','Can add user');
INSERT INTO auth_permission VALUES(18,5,'change_user','Can change user');
INSERT INTO auth_permission VALUES(19,5,'delete_user','Can delete user');
INSERT INTO auth_permission VALUES(20,5,'view_user','Can view user');
INSERT INTO auth_permission VALUES(21,6,'add_contenttype','Can add content type');
INSERT INTO auth_permission VALUES(22,6,'change_contenttype','Can change content type');
INSERT INTO auth_permission VALUES(23,6,'delete_contenttype','Can delete content type');
INSERT INTO auth_permission VALUES(24,6,'view_contenttype','Can view content type');
INSERT INTO auth_permission VALUES(25,7,'add_session','Can add session');
INSERT INTO auth_permission VALUES(26,7,'change_session','Can change session');
INSERT INTO auth_permission VALUES(27,7,'delete_session','Can delete session');
INSERT INTO auth_permission VALUES(28,7,'view_session','Can view session');
CREATE TABLE IF NOT EXISTS "auth_user" ("id" integer NOT NULL PRIMARY KEY AUTOINCREMENT, "password" varchar(128) NOT NULL, "last_login" datetime NULL, "is_superuser" bool NOT NULL, "username" varchar(150) NOT NULL UNIQUE, "first_name" varchar(30) NOT NULL, "email" varchar(254) NOT NULL, "is_staff" bool NOT NULL, "is_active" bool NOT NULL, "date_joined" datetime NOT NULL, "last_name" varchar(150) NOT NULL);
INSERT INTO auth_user VALUES(1,'pbkdf2_sha256$150000$G1Iyx93mK7UM$1edLPn68tmX8Al0XqHF4DYR9tkeEtN0fIRwSLuvyKJs=','2019-11-27 01:43:54.688573',1,'admin','','admin@email.com',1,1,'2019-11-26 10:31:04.426512','');
CREATE TABLE IF NOT EXISTS "auth_group" ("id" integer NOT NULL PRIMARY KEY AUTOINCREMENT, "name" varchar(150) NOT NULL UNIQUE);
CREATE TABLE IF NOT EXISTS "iotd_item" ("id" integer NOT NULL PRIMARY KEY AUTOINCREMENT, "modelnum" text NOT NULL, "productName" text NOT NULL, "retailer" text NOT NULL, "link" text NOT NULL, "thumbnail_url" text NULL, "price" text NOT NULL, "reviewnum" text NULL, "rating" text NULL);
INSERT INTO iotd_item VALUES(5,'model_1','[루이까또즈_넥타이(남성)]그레이 투톤 스트라이프 넥타이 LWA09ST22E75','11번가','http://www.11st.co.kr/product/SellerProductDetail.tmall?method=getSellerProductDetail&prdNo=2249971842&trTypeCd=21&trCtgrNo=585021','http://i.011st.com/ex_t/R/400x400/1/85/0/src/pd/19/9/7/1/8/4/2/mrRAH/2249971842_B.jpg','29,640원','리뷰 0건','판매자 평점 별5개 중 0.0개');
INSERT INTO iotd_item VALUES(6,'model_2','Jbans Classic도트패턴 데님넥타이 C1602 AT109 SKB','Coupang','https://www.coupang.com/vp/products/23568874?itemId=91670979&vendorItemId=3159684570&q=%ED%95%98%EB%8A%98%EC%83%89+%EB%8F%84%ED%8A%B8+%EB%84%A5%ED%83%80%EC%9D%B4&itemsCount=36&searchId=31b2804bd00a4373a75159995469b5fd&rank=12&isAddedCart=','https://thumbnail13.coupangcdn.com/thumbnails/remote/492x492ex/image/vendor_inventory/e95c/74be86cb1c5d4b0cba9c0c1a1af5232b58edd24204f1f8ee2150072b6225.jpg','26,040원','리뷰 0건','판매자 평점 별5개 중 0.0개');
INSERT INTO iotd_item VALUES(7,'model_2','[해외] M328389572U72 싱글 사이즈 남성 페이즐리 넥타이 (실크소재)','Coupang','https://www.coupang.com/vp/products/183865826?itemId=526515868&vendorItemId=4367078200&q=%ED%95%98%EB%8A%98%EC%83%89+%EB%8F%84%ED%8A%B8+%EB%84%A5%ED%83%80%EC%9D%B4&itemsCount=36&searchId=625547b946164af682273224888d9e9a&rank=65&isAddedCart=','https://thumbnail11.coupangcdn.com/thumbnails/remote/230x230ex/image/vendor_inventory/images/2019/02/08/17/2/fcb2f57b-1ef5-4564-a9fa-c5329a70cf04.jpg','21,000원','리뷰 0건','판매자 평점 별5개 중 0.0개');
INSERT INTO iotd_item VALUES(8,'model_2','젠틀안트 스카이블루체인사슬패턴 수동넥타이 CT-3105','Coupang','https://www.coupang.com/vp/products/323528377?itemId=1035883789&vendorItemId=5574636486&q=%ED%95%98%EB%8A%98%EC%83%89+%EB%8F%84%ED%8A%B8+%EB%84%A5%ED%83%80%EC%9D%B4&itemsCount=31&searchId=54332fc26f4f4f5e9567ac7c343dfa3b&rank=97&isAddedCart=','https://thumbnail13.coupangcdn.com/thumbnails/remote/492x492ex/image/vendor_inventory/c57d/d5a5e2a13af284e39106a3bff396909d945dfed5c413135fe34c1fc10ef5.jpg','30,360원','리뷰 0건','판매자 평점 별5개 중 0.0개');
INSERT INTO iotd_item VALUES(9,'model_5','남자를위한 연필 스트라이프 넥타이 - 짠 넥타이 - 노란색 / w 네이비 블루','Coupang','https://www.coupang.com/vp/products/279790760?itemId=888136624&vendorItemId=5236125562&q=%EB%85%B8%EB%9E%80+%EC%8A%A4%ED%8A%B8%EB%9D%BC%EC%9D%B4%ED%94%84+%EB%84%A5%ED%83%80%EC%9D%B4&itemsCount=36&searchId=811caef5ecc24d388de5ae7527a538ca&rank=33&isAddedCart=','https://thumbnail13.coupangcdn.com/thumbnails/remote/492x492ex/image/vendor_inventory/baa2/4bdefba3bbbfe736594a4c515612eccf1ee1a893e59d78ebe99778fff3f6.jpg','25,000원','리뷰 0건','판매자 평점 별5개 중 0.0개');
INSERT INTO iotd_item VALUES(10,'model_5','[젠틀안트 넥타이]네이비&옐로우심플사선수동넥타이(넥타이폭8cm) 05-1086','11번가','http://www.11st.co.kr/product/SellerProductDetail.tmall?method=getSellerProductDetail&prdNo=2211854568&trTypeCd=21&trCtgrNo=585021','http://i.011st.com/ex_t/R/400x400/1/85/0/src/pd/18/8/5/4/5/6/8/HZtAy/2211854568_B.jpg','20,800원','리뷰 0건','판매자 평점 별5개 중 0.0개');
INSERT INTO iotd_item VALUES(11,'model_5','레노마넥타이 (VHSTR1078-YE 심플한스트라이프넥타이)레노마넥타이','11번가','http://www.11st.co.kr/product/SellerProductDetail.tmall?method=getSellerProductDetail&prdNo=1751768200&trTypeCd=21&trCtgrNo=585021&lCtgrNo=1001306&mCtgrNo=1001788','http://i.011st.com/ex_t/R/400x400/1/85/0/src/pd/19/7/6/8/2/0/0/ZSjnB/1751768200_B.jpg','78,200원','리뷰 0건','판매자 평점 별5개 중 0.0개');
INSERT INTO iotd_item VALUES(12,'model_6','엑스트라 롱 퍼플과 네이비 스트라이프 실크 타이','Coupang','https://www.coupang.com/vp/products/311361192?itemId=982785722&vendorItemId=5401832058&q=%EB%84%A4%EC%9D%B4%EB%B9%84+%ED%8D%BC%ED%94%8C+%EB%84%A5%ED%83%80%EC%9D%B4&itemsCount=36&searchId=8d53d61ee9884eb6904a929a1b7d54fb&rank=65&isAddedCart=','https://thumbnail15.coupangcdn.com/thumbnails/remote/492x492ex/image/vendor_inventory/4ee7/7b6de85ed35f76340b1d8431933fe0718d26ec91579b062762158634688a.jpg','76,900원','리뷰 0건','판매자 평점 별5개 중 0.0개');
INSERT INTO iotd_item VALUES(13,'model_6','니트 퍼플네이비사선 수동넥타이05-3107 패션소품 기본','Coupang','https://www.coupang.com/vp/products/250247212?itemId=790685378&vendorItemId=5006162555&q=%EB%84%A4%EC%9D%B4%EB%B9%84+%ED%8D%BC%ED%94%8C+%EB%84%A5%ED%83%80%EC%9D%B4&itemsCount=36&searchId=a7bf72d91b8a481195e65a2e36c3f166&rank=8&isAddedCart=','https://thumbnail12.coupangcdn.com/thumbnails/remote/230x230ex/image/vendor_inventory/99e2/5e0a73e95c8df0b28bf36134f294168a665ff260bebc77ca9b82f0ef45cd.jpg','25,820원','리뷰 0건','판매자 평점 별5개 중 0.0개');
INSERT INTO iotd_item VALUES(14,'model_6','블랙 퍼플 스트라이프 자동넥타이 GA5078 수동넥타이','Coupang','https://www.coupang.com/vp/products/292084576?itemId=923553918&vendorItemId=5297099676&q=%EB%B3%B4%EB%9D%BC+%EC%8A%A4%ED%8A%B8%EB%9D%BC%EC%9D%B4%ED%94%84+%EB%84%A5%ED%83%80%EC%9D%B4&itemsCount=36&searchId=7e8295b830864613b1118315eda0783d&rank=54&isAddedCart=','https://thumbnail14.coupangcdn.com/thumbnails/remote/492x492ex/image/vendor_inventory/db67/272b1e110e176d7442a8539057f8a313911a81d7e4ab6a51dc43760d21d5.jpg','13,800원','리뷰 0건','판매자 평점 별5개 중 0.0개');
INSERT INTO iotd_item VALUES(15,'model_8','아테스토니 베이직솔리드 넥타이 HNBTM10021','Coupang','https://www.coupang.com/vp/products/176577403?itemId=504792403&vendorItemId=4442287454&q=%EB%84%A5%ED%83%80%EC%9D%B4&itemsCount=36&searchId=8d260b34b5fa4ac9a39e8179da084f63&rank=99&isAddedCart=','https://thumbnail13.coupangcdn.com/thumbnails/remote/492x492ex/image/retail/images/2019/02/28/14/1/0b0743ad-2fc2-4a44-a228-f87e23caa6e7.jpg','85,680원','리뷰 1건','판매자 평점 별5개 중 3.0개');
INSERT INTO iotd_item VALUES(16,'model_8','어버너 넥타이 행커치프 세트 500 브라운','Coupang','https://www.coupang.com/vp/products/288466835?itemId=913641018&vendorItemId=3739221287&q=%EB%B8%8C%EB%9D%BC%EC%9A%B4+%EB%84%A5%ED%83%80%EC%9D%B4&itemsCount=36&searchId=d8ae891b87cf4af0b54aaf135100a102&rank=9&isAddedCart=','https://thumbnail15.coupangcdn.com/thumbnails/remote/230x230ex/image/vendor_inventory/images/2018/06/01/15/6/74290d52-5826-4147-87a8-02874a21a05e.jpg','16,500원','리뷰 1건','판매자 평점 별5개 중 5.0개');
INSERT INTO iotd_item VALUES(17,'model_8','[레노마_넥타이(남성)]슬림솔리드브라운넥타이(VHFTR1186BW)','11번가','http://www.11st.co.kr/product/SellerProductDetail.tmall?method=getSellerProductDetail&prdNo=2499971231&trTypeCd=21&trCtgrNo=585021&lCtgrNo=1001306&mCtgrNo=1001788','http://i.011st.com/ex_t/R/400x400/1/85/0/src/pd/19/9/7/1/2/3/1/eGxrL/2499971231_B.jpg','57,500원','리뷰 0건','판매자 평점 별5개 중 0.0개');
INSERT INTO iotd_item VALUES(18,'model_9','레디핏 협력사 단색 스카이블루 수동 넥타이 GM8014 수동넥타이','Coupang','https://www.coupang.com/vp/products/292083361?itemId=923552184&vendorItemId=5297094709&q=%ED%95%98%EB%8A%98%EC%83%89+%EB%84%A5%ED%83%80%EC%9D%B4&itemsCount=36&searchId=fee70cc69ab84ad7b3a6a6b237233429&rank=11&isAddedCart=','https://thumbnail12.coupangcdn.com/thumbnails/remote/492x492ex/image/vendor_inventory/dae9/6314f58c7e6ef19db8a06442763af1c83fa70a9bb06766ae86aa5010d358.jpg','14,500원','리뷰 0건','판매자 평점 별5개 중 0.0개');
INSERT INTO iotd_item VALUES(19,'model_9','남자 무지 스카이블루 넥타이','Coupang','https://www.coupang.com/vp/products/298170364?itemId=938972273&vendorItemId=5323926298&q=%ED%95%98%EB%8A%98%EC%83%89+%EB%84%A5%ED%83%80%EC%9D%B4&itemsCount=36&searchId=fee70cc69ab84ad7b3a6a6b237233429&rank=6&isAddedCart=','https://thumbnail12.coupangcdn.com/thumbnails/remote/230x230ex/image/vendor_inventory/b8cc/cf1ddfd99efc69281f6dfc103f7a325c3bb668ceaf78904fe8743adde957.jpg','23,000원','리뷰 0건','판매자 평점 별5개 중 0.0개');
INSERT INTO iotd_item VALUES(20,'model_9','KissTies 남성 청록 파란색 넥타이 솔리드 결혼식 넥타이 + 선물 상자','Coupang','https://www.coupang.com/vp/products/278512662?itemId=882906750&vendorItemId=5225161538&q=%ED%8C%8C%EB%9E%80%EC%83%89+%EB%84%A5%ED%83%80%EC%9D%B4&itemsCount=36&searchId=0b908eb7243941d28f28b2c70cf62034&rank=37&isAddedCart=','https://thumbnail13.coupangcdn.com/thumbnails/remote/492x492ex/image/vendor_inventory/567e/8173878e455759eb06de81d57379edfb4d86b06a69c4681e2376ebb6a710.jpg','25,000원','리뷰 0건','판매자 평점 별5개 중 0.0개');
INSERT INTO iotd_item VALUES(21,'model_10','Soophen 폴리 남성 Soild 컬러 넥타이 은색 ...','Coupang','https://www.coupang.com/vp/products/320145655?itemId=1024417358&vendorItemId=5466344432&q=%EC%9D%80%EC%83%89+%EB%84%A5%ED%83%80%EC%9D%B4&itemsCount=36&searchId=d1e8d1e4eaed464f8dca3f420eaff9a1&rank=5&isAddedCart=','https://thumbnail14.coupangcdn.com/thumbnails/remote/492x492ex/image/vendor_inventory/bdea/b5eeeaef07aa6f56dfd84effc10f6c5016b02b1dca65ac09c53f30893162.jpg','25,000원','리뷰 0건','판매자 평점 별5개 중 0.0개');
INSERT INTO iotd_item VALUES(22,'model_10','[메멘토모리][85SESD18] KING TWILL SOLID SILVER GRAY 킹트윌 솔리드 실버 그레이','11번가','http://www.11st.co.kr/product/SellerProductDetail.tmall?method=getSellerProductDetail&prdNo=1975064766&trTypeCd=21&trCtgrNo=585021&lCtgrNo=1001306&mCtgrNo=1001788','http://i.011st.com/ex_t/R/400x400/1/85/0/src/pd/19/0/6/4/7/6/6/BaTSA/1975064766_B.jpg','83,000원','리뷰 0건','판매자 평점 별5개 중 0.0개');
INSERT INTO iotd_item VALUES(23,'model_10','[페어팩스] 솔리드 새틴 넥타이 SLD02 실버 F','11번가','http://www.11st.co.kr/product/SellerProductDetail.tmall?method=getSellerProductDetail&prdNo=2412672607&trTypeCd=21&trCtgrNo=585021&lCtgrNo=8286&mCtgrNo=10032','http://i.011st.com/ex_t/R/400x400/1/85/0/src/pd/19/6/7/2/6/0/7/tCVoz/2412672607_B.jpg','181,100원','리뷰 0건','판매자 평점 별5개 중 0.0개');
INSERT INTO iotd_item VALUES(24,'model_15','[mars]남자 고퀄리티 심플 클래식 직장인 넥타이 k02 [mars]남자 고퀄리티 심플 클래식 직장인 넥타이 k02 39968253433','Coupang','https://www.coupang.com/vp/products/265814494?itemId=833195910&vendorItemId=5121237080&q=%EB%84%A5%ED%83%80%EC%9D%B4&itemsCount=36&searchId=af0efc7616da433f98b000dcf9db30eb&rank=296&isAddedCart=','https://thumbnail14.coupangcdn.com/thumbnails/remote/492x492ex/image/vendor_inventory/6314/3c26524a5a303b3b898daa2ee29ad73394d203f95606a12ad589b73ae4a5.png','20,900원','리뷰 0건','판매자 평점 별5개 중 0.0개');
INSERT INTO iotd_item VALUES(25,'model_15','[현대백화점]루이까또즈넥타이 LW412 ST12 린넨멋스러운 두줄스트라이프 타이','Coupang','https://www.coupang.com/vp/products/272493905?itemId=858033016&vendorItemId=5190586622&sourceType=srp_product_ads&q=%EB%84%A4%EC%9D%B4%EB%B9%84+%EC%8A%A4%ED%8A%B8%EB%9D%BC%EC%9D%B4%ED%94%84+%EB%84%A5%ED%83%80%EC%9D%B4&itemsCount=36&searchId=2c9792ef61fd447a992c7d3171f5e924&rank=0&isAddedCart=','https://thumbnail14.coupangcdn.com/thumbnails/remote/492x492ex/image/vendor_inventory/02ea/2037567e06ed9d8d58f2a0ab53fd616570930c108e13f5d3d9948f9cd70e.JPG','28,080원','리뷰 0건','판매자 평점 별5개 중 0.0개');
INSERT INTO iotd_item VALUES(26,'model_15','채현스토어 화이트블루 스트라이프 넥타이 남성','Coupang','https://www.coupang.com/vp/products/343049125?itemId=1090404578&vendorItemId=5603090630&q=%EB%B8%94%EB%A3%A8+%EC%8A%A4%ED%8A%B8%EB%9D%BC%EC%9D%B4%ED%94%84+%EB%84%A5%ED%83%80%EC%9D%B4&itemsCount=36&searchId=0e85a1d86348483c8b36138a39183588&rank=1&isAddedCart=','https://thumbnail11.coupangcdn.com/thumbnails/remote/230x230ex/image/vendor_inventory/b1c6/4454cfe37270b3c4fec4f3e7af8686f8b6fc8250ed1b22a67669327df566.jpg','17,090원','리뷰 0건','판매자 평점 별5개 중 0.0개');
INSERT INTO iotd_item VALUES(27,'model_18','[텐바이텐] 그랜드 미스틱 도트 넥타이 [5컬러]','Coupang','https://www.coupang.com/vp/products/257830238?itemId=808826387&vendorItemId=5057122470&q=%ED%9A%8C%EC%83%89+%EB%95%A1%EB%95%A1%EC%9D%B4+%EB%84%A5%ED%83%80%EC%9D%B4&itemsCount=36&searchId=ffd6ff4b0ee5468a9ad5fe6dbc57deec&rank=33&isAddedCart=','https://thumbnail14.coupangcdn.com/thumbnails/remote/230x230ex/image/vendor_inventory/27a9/616f618c904050712432a1826419e01bdc58302ccdc9bbbef00f8401a3d4.jpg','15,000원','리뷰 0건','판매자 평점 별5개 중 0.0개');
INSERT INTO iotd_item VALUES(28,'model_18','젠틀안트 블랙빈티지도트 수동넥타이CT-3026 칼라실크넥타이 실크타이 기하학무늬타이 남성직장인넥타이 기','11번가','http://www.11st.co.kr/product/SellerProductDetail.tmall?method=getSellerProductDetail&prdNo=2529454240&trTypeCd=21&trCtgrNo=585021&lCtgrNo=1001322&mCtgrNo=1001965','http://i.011st.com/ex_t/R/400x400/1/85/0/src/pd/19/4/5/4/2/4/0/lxanr/2529454240_B.jpg','29,490원','리뷰 0건','판매자 평점 별5개 중 0.0개');
INSERT INTO iotd_item VALUES(29,'model_18','젠틀안트 블랙빅 도트수동넥타이05-2002 고급타이 정장실크넥타이 넥타이 칼라넥타이 기하무늬넥타이','11번가','http://www.11st.co.kr/product/SellerProductDetail.tmall?method=getSellerProductDetail&prdNo=2505214280&trTypeCd=21&trCtgrNo=585021&lCtgrNo=1001322&mCtgrNo=1001965','http://i.011st.com/ex_t/R/400x400/1/85/0/src/pd/19/2/1/4/2/8/0/LCUGl/2505214280_B.jpg','26,920원','리뷰 0건','판매자 평점 별5개 중 0.0개');
INSERT INTO iotd_item VALUES(30,'model_19','[루이까또즈_넥타이(남성)]신상 디자인이 예쁜 버건디 퍼플 컬러의 슬림 넥','11번가','http://www.11st.co.kr/product/SellerProductDetail.tmall?method=getSellerProductDetail&prdNo=2571362634&trTypeCd=21&trCtgrNo=585021&lCtgrNo=1001306&mCtgrNo=1001788','http://i.011st.com/ex_t/R/400x400/1/85/0/src/pd/19/3/6/2/6/3/4/ZXoSS/2571362634_B.jpg','29,640원','리뷰 0건','판매자 평점 별5개 중 0.0개');
INSERT INTO iotd_item VALUES(31,'model_19','[질스튜어트뉴욕] 남성 버건디 입체패턴 실크혼방 넥타이 JNNE8F302D2','11번가','http://www.11st.co.kr/product/SellerProductDetail.tmall?method=getSellerProductDetail&prdNo=2272476035&trTypeCd=21&trCtgrNo=585021&lCtgrNo=1001296&mCtgrNo=1001713','http://i.011st.com/ex_t/R/400x400/1/85/0/src/pd/19/4/7/6/0/3/5/KhzMh/2272476035_B.jpg','66,300원','리뷰 0건','판매자 평점 별5개 중 0.0개');
INSERT INTO iotd_item VALUES(32,'model_19','[에르메스] 넥타이 실크 버건디 606041 H`CHEAL','11번가','http://www.11st.co.kr/product/SellerProductDetail.tmall?method=getSellerProductDetail&prdNo=2624037031&trTypeCd=21&trCtgrNo=585021','http://i.011st.com/ex_t/R/400x400/1/85/0/src/pd/19/0/3/7/0/3/1/nboyK/2624037031_B.jpg','427,120원','리뷰 0건','판매자 평점 별5개 중 0.0개');
INSERT INTO iotd_item VALUES(33,'model_20','두이터 남자 무지 라이트그레이 넥타이','Coupang','https://www.coupang.com/vp/products/303118029?itemId=953384706&vendorItemId=5348969212&q=%EA%B7%B8%EB%A0%88%EC%9D%B4+%EB%84%A5%ED%83%80%EC%9D%B4&itemsCount=36&searchId=dcdbc52436bb4b6fa669f1b291e869af&rank=56&isAddedCart=','https://thumbnail15.coupangcdn.com/thumbnails/remote/492x492ex/image/vendor_inventory/3b23/0bdf613fbfe99707633262a94cb8a1935d5c14ed04fd958f6cc0acd32146.jpg','23,000원','리뷰 0건','판매자 평점 별5개 중 0.0개');
INSERT INTO iotd_item VALUES(34,'model_20','솔리드 장타이_그레이_MW7063 솔리드그레이넥타이 고','11번가','http://www.11st.co.kr/product/SellerProductDetail.tmall?method=getSellerProductDetail&prdNo=2615679110&trTypeCd=21&trCtgrNo=585021&lCtgrNo=1001322&mCtgrNo=1001965','http://i.011st.com/ex_t/R/400x400/1/85/0/src/pd/19/6/7/9/1/1/0/BhQha/2615679110_B.jpg','21,080원','리뷰 0건','판매자 평점 별5개 중 0.0개');
INSERT INTO iotd_item VALUES(35,'model_20','남자타이 솔리드 그레이 넥타이 졸업넥타이 플라워넥타이 킹스맨 면접넥타이 남자넥타이 타이 극세사넥타이 20대넥타이 패션넥타이 패턴넥타이 정장넥타이','Coupang','https://www.coupang.com/vp/products/60971599?itemId=209060605&vendorItemId=3550387274&q=%EC%86%94%EB%A6%AC%EB%93%9C+%EA%B7%B8%EB%A0%88%EC%9D%B4+%EB%84%A5%ED%83%80%EC%9D%B4&itemsCount=36&searchId=9ae3d1c25be84104b39d209b35d63298&rank=22&isAddedCart=','https://thumbnail11.coupangcdn.com/thumbnails/remote/492x492ex/image/vendor_inventory/images/2018/01/22/23/5/9a9e11d7-8fac-4a5c-acca-aea4c938ae2a.jpg','18,220원','리뷰 0건','판매자 평점 별5개 중 0.0개');
INSERT INTO iotd_item VALUES(36,'model_7','(빔 라이트) BEAMS LIGHTS / 넥타이 / 레지 멘탈 스트라이프 넥타이 남성 BROWN / NAVY / SILVER ONE SIZ','Coupang','https://www.coupang.com/vp/products/319793992?itemId=1023018957&vendorItemId=5463889512&q=%EB%84%A4%EC%9D%B4%EB%B9%84+%EB%B8%8C%EB%9D%BC%EC%9A%B4+%EC%8A%A4%ED%8A%B8%EB%9D%BC%EC%9D%B4%ED%94%84+%EB%84%A5%ED%83%80%EC%9D%B4&itemsCount=36&searchId=fabe875cde244f39acedf55d92438cb5&rank=13&isAddedCart=','https://thumbnail15.coupangcdn.com/thumbnails/remote/492x492ex/image/vendor_inventory/a7b1/134dca956cc7a69fd9ec9eab4af5a3b5ac4a268f2bbf247d175ffbfdc3ae.jpg','182,100원','리뷰 0건','판매자 평점 별5개 중 0.0개');
INSERT INTO iotd_item VALUES(37,'model_7','[현대백화점]루이까또즈넥타이 LW10 212 스트라이프','Coupang','https://www.coupang.com/vp/products/272462042?itemId=857887890&vendorItemId=5176900422&q=%EB%84%A4%EC%9D%B4%EB%B9%84+%EB%B8%8C%EB%9D%BC%EC%9A%B4+%EC%8A%A4%ED%8A%B8%EB%9D%BC%EC%9D%B4%ED%94%84+%EB%84%A5%ED%83%80%EC%9D%B4&itemsCount=36&searchId=63eaf0dcbfae402fb499135f6ffb2b7c&rank=70&isAddedCart=','https://thumbnail13.coupangcdn.com/thumbnails/remote/492x492ex/image/vendor_inventory/ba27/5f00269492cc709fed0c3b3aa00e8d17a0c555f00c78f57a7aae7d8f3118.JPG','33,930원','리뷰 0건','판매자 평점 별5개 중 0.0개');
INSERT INTO iotd_item VALUES(38,'model_7','[P162] 심쿵컬러 포인트 선명한 사선 넥타이! 은은한 사선 넥타이','Coupang','https://www.coupang.com/vp/products/165307932?itemId=474069585&vendorItemId=4187010173&q=%EB%84%A4%EC%9D%B4%EB%B9%84+%EB%B8%8C%EB%9D%BC%EC%9A%B4+%EC%8A%A4%ED%8A%B8%EB%9D%BC%EC%9D%B4%ED%94%84+%EB%84%A5%ED%83%80%EC%9D%B4&itemsCount=36&searchId=fc30564da60947e9892919fd16a644c7&rank=156&isAddedCart=','https://thumbnail13.coupangcdn.com/thumbnails/remote/492x492ex/image/vendor_inventory/images/2018/12/07/14/0/389c662f-d489-4bde-b089-0ab1e6ac2284.jpg','15,800원','리뷰 0건','판매자 평점 별5개 중 0.0개');
INSERT INTO iotd_item VALUES(39,'model_11','남자 스트라이프 그린 넥타이','11번가','http://www.11st.co.kr/product/SellerProductDetail.tmall?method=getSellerProductDetail&prdNo=2554637955&trTypeCd=21&trCtgrNo=585021&lCtgrNo=1001322&mCtgrNo=1001965','http://i.011st.com/ex_t/R/400x400/1/85/0/src/pd/19/6/3/7/9/5/5/PGyuW/2554637955_B.jpg','23,000원','리뷰 0건','판매자 평점 별5개 중 0.0개');
INSERT INTO iotd_item VALUES(40,'model_11','맨프렌즈 루팻 스트라이프 넥타이','Coupang','https://www.coupang.com/vp/products/341722835?itemId=1087526351&vendorItemId=5596237024&q=%EA%B7%B8%EB%A6%B0+%EC%8A%A4%ED%8A%B8%EB%9D%BC%EC%9D%B4%ED%94%84+%EB%84%A5%ED%83%80%EC%9D%B4&itemsCount=36&searchId=f46630298d9840b5b76a0b4707011909&rank=33&isAddedCart=','https://thumbnail12.coupangcdn.com/thumbnails/remote/492x492ex/image/vendor_inventory/b616/45632c30c15aa0795dc10df247baa6de7ae2923efe4b75778a50dd1fdce6.jpg','9,700원','리뷰 0건','판매자 평점 별5개 중 0.0개');
INSERT INTO iotd_item VALUES(41,'model_11','[닥스_넥타이(남성)]그린컬러의 스트라이프넥타이 DJSDT029GR','11번가','http://www.11st.co.kr/product/SellerProductDetail.tmall?method=getSellerProductDetail&prdNo=2346597381&trTypeCd=21&trCtgrNo=585021&lCtgrNo=1001306&mCtgrNo=1001788','http://i.011st.com/ex_t/R/400x400/1/85/0/src/pd/19/5/9/7/3/8/1/oJVJl/2346597381_B.jpg','55,200원','리뷰 0건','판매자 평점 별5개 중 0.0개');
INSERT INTO iotd_item VALUES(42,'model_12','ATIE_005 네이비 사선 스트라이프 자동넥타이 무늬넥타이 이쁜넥타이 색깔넥타이 핀넥타이 캐주얼넥타이 정','11번가','http://www.11st.co.kr/product/SellerProductDetail.tmall?method=getSellerProductDetail&prdNo=2575640569&trTypeCd=21&trCtgrNo=585021&lCtgrNo=1001322&mCtgrNo=1001965','http://i.011st.com/ex_t/R/400x400/1/85/0/src/pd/19/6/4/0/5/6/9/kyric/2575640569_B.jpg','15,650원','리뷰 0건','판매자 평점 별5개 중 0.0개');
INSERT INTO iotd_item VALUES(43,'model_12','LTIE-060 네이비스트라이프넥타이 솔리드 남성 패션소품 기본','Coupang','https://www.coupang.com/vp/products/255627285?itemId=801967187&vendorItemId=5038103938&q=%EB%84%A4%EC%9D%B4%EB%B9%84+%EC%8A%A4%ED%8A%B8%EB%9D%BC%EC%9D%B4%ED%94%84+%EB%84%A5%ED%83%80%EC%9D%B4&itemsCount=36&searchId=87bdc118c9eb4e249c0f3035e1bf899f&rank=0&isAddedCart=','https://thumbnail11.coupangcdn.com/thumbnails/remote/492x492ex/image/vendor_inventory/939f/6a57f6b7d0ecef00622fdfa7bf737687ca88173ab277a810ce1b42e206de.jpg','18,440원','리뷰 0건','판매자 평점 별5개 중 0.0개');
INSERT INTO iotd_item VALUES(44,'model_12','[중년의 품격] 네이비 기본 스트라이프 넥타이','Coupang','https://www.coupang.com/vp/products/16414271?itemId=66867303&vendorItemId=3106717966&q=%EB%84%A4%EC%9D%B4%EB%B9%84+%EC%8A%A4%ED%8A%B8%EB%9D%BC%EC%9D%B4%ED%94%84+%EB%84%A5%ED%83%80%EC%9D%B4&itemsCount=36&searchId=89d550d3025a40eebb92e4122dbd70cc&rank=40&isAddedCart=','https://thumbnail15.coupangcdn.com/thumbnails/remote/492x492ex/image/vendor_inventory/images/2017/08/16/0/5/16c324f9-d8bd-40c1-92c2-e350428b3de8.jpg','22,800원','리뷰 1건','판매자 평점 별5개 중 4.0개');
INSERT INTO iotd_item VALUES(45,'model_13','빅 도트 넥타이 물방울무늬 맨즈도매 악세사리 남자옷도매 패션소품 리즈코 꽃 hmsw','Coupang','https://www.coupang.com/vp/products/223096914?itemId=700321719&vendorItemId=4884032728&q=%EB%8F%84%ED%8A%B8+%EB%84%A5%ED%83%80%EC%9D%B4&itemsCount=36&searchId=a16ea95934bc466898c7e4072e5b8b59&rank=41&isAddedCart=','https://thumbnail13.coupangcdn.com/thumbnails/remote/230x230ex/image/vendor_inventory/e568/d0f33c46e4251258056b0bfd3ac7ebe222bdaafbe485cc33a03fb24c81dd.jpg','22,600원','리뷰 0건','판매자 평점 별5개 중 0.0개');
INSERT INTO iotd_item VALUES(46,'model_13','(색상 : 네이비) MTIEF19015 빅 도트 넥타이 넥타이 남자넥타이 남성넥타이 고','11번가','http://www.11st.co.kr/product/SellerProductDetail.tmall?method=getSellerProductDetail&prdNo=2501248995&trTypeCd=21&trCtgrNo=585021&lCtgrNo=1001322&mCtgrNo=1001965','http://i.011st.com/ex_t/R/400x400/1/85/0/src/pd/19/2/4/8/9/9/5/VSDFw/2501248995_B.jpg','21,070원','리뷰 0건','판매자 평점 별5개 중 0.0개');
INSERT INTO iotd_item VALUES(47,'model_13','[AQB_9291481] (색상 : 네이비) MTIEF19015 빅 도트 넥타이 패션넥타이 남자넥타이 직장인넥타이 넥타이 선물용넥타이','Coupang','https://www.coupang.com/vp/products/342497400?itemId=1089244518&vendorItemId=5600092375&q=%EB%84%A4%EC%9D%B4%EB%B9%84+%EB%B9%85+%EB%8F%84%ED%8A%B8+%EB%84%A5%ED%83%80%EC%9D%B4&itemsCount=36&searchId=e2adcf93977248abb8799981c264ae34&rank=1&isAddedCart=','https://thumbnail12.coupangcdn.com/thumbnails/remote/492x492ex/image/vendor_inventory/2db8/b438f3dad0013768e1195947da4fab7a89464c7cf8286f825fe97d2d7765.jpg','15,810원','리뷰 0건','판매자 평점 별5개 중 0.0개');
INSERT INTO iotd_item VALUES(48,'model_14','인기있는 남성 넥타이 넥타이매는법 셔츠 취업선물 남성정장','11번가','http://www.11st.co.kr/product/SellerProductDetail.tmall?method=getSellerProductDetail&prdNo=2511763851&trTypeCd=21&trCtgrNo=585021&lCtgrNo=1001307&mCtgrNo=1001815','http://i.011st.com/ex_t/R/400x400/1/85/0/src/pd/19/7/6/3/8/5/1/wzizq/2511763851_B.jpg','23,080원','리뷰 0건','판매자 평점 별5개 중 0.0개');
INSERT INTO iotd_item VALUES(49,'model_14','프렌치 스트라이프 장타이_그레이_NMM7063 회색스트라이프넥타이 기본넥타이 기본수동넥타이 그레이줄넥타','11번가','http://www.11st.co.kr/product/SellerProductDetail.tmall?method=getSellerProductDetail&prdNo=2606882662&trTypeCd=21&trCtgrNo=585021&lCtgrNo=1001322&mCtgrNo=1001965','http://i.011st.com/ex_t/R/400x400/1/85/0/src/pd/19/8/8/2/6/6/2/texZo/2606882662_B.jpg','21,590원','리뷰 0건','판매자 평점 별5개 중 0.0개');
INSERT INTO iotd_item VALUES(50,'model_14','[루이까또즈_넥타이(남성)]그레이 투톤 스트라이프 넥타이 LWA09ST22E75','11번가','http://www.11st.co.kr/product/SellerProductDetail.tmall?method=getSellerProductDetail&prdNo=2249971842&trTypeCd=21&trCtgrNo=585021','http://i.011st.com/ex_t/R/400x400/1/85/0/src/pd/19/9/7/1/8/4/2/mrRAH/2249971842_B.jpg','29,640원','리뷰 0건','판매자 평점 별5개 중 0.0개');
INSERT INTO iotd_item VALUES(51,'model_16','아르페 남자 보카시사선 넥타이 2color','Coupang','https://www.coupang.com/vp/products/192247291?itemId=550061406&vendorItemId=4443424585&q=%EC%82%AC%EC%84%A0+%EB%84%A5%ED%83%80%EC%9D%B4&itemsCount=36&searchId=d81f779fc46c4159a2f7c6e6d67b8b94&rank=55&isAddedCart=','https://thumbnail11.coupangcdn.com/thumbnails/remote/492x492ex/image/vendor_inventory/images/2019/02/28/17/8/dc485541-f4b4-44fa-976e-8af02c4369e0.jpg','22,000원','리뷰 0건','판매자 평점 별5개 중 0.0개');
INSERT INTO iotd_item VALUES(52,'model_16','Secdtie 남성 스트라이프 그레이 블랙 자카드 직물 실크 넥타이 정장 넥타이 TW01','Coupang','https://www.coupang.com/vp/products/279172231?itemId=885908256&vendorItemId=5230887605&q=%EB%B8%94%EB%9E%99+%EA%B7%B8%EB%A0%88%EC%9D%B4+%EC%8A%A4%ED%8A%B8%EB%9D%BC%EC%9D%B4%ED%94%84+%EB%84%A5%ED%83%80%EC%9D%B4&itemsCount=36&searchId=40f5f6a5fa7a499085eb99f769e2d115&rank=54&isAddedCart=','https://thumbnail13.coupangcdn.com/thumbnails/remote/492x492ex/image/vendor_inventory/360c/b9fe493a5148707f2026ccfa1dbfc0316412748b337b9f5f7bc0fdc4395a.jpg','26,500원','리뷰 0건','판매자 평점 별5개 중 0.0개');
INSERT INTO iotd_item VALUES(53,'model_16','남자 100 % 실크 페인 아메리칸 립 스트라이프 스트라이프 스키니 넥타이 넥타이 (블랙 & 그레이)','Coupang','https://www.coupang.com/vp/products/207709131?itemId=615245909&vendorItemId=4614286912&q=%EB%B8%94%EB%9E%99+%EA%B7%B8%EB%A0%88%EC%9D%B4+%EC%8A%A4%ED%8A%B8%EB%9D%BC%EC%9D%B4%ED%94%84+%EB%84%A5%ED%83%80%EC%9D%B4&itemsCount=36&searchId=40f5f6a5fa7a499085eb99f769e2d115&rank=68&isAddedCart=','https://thumbnail11.coupangcdn.com/thumbnails/remote/492x492ex/image/vendor_inventory/e8f2/7968cdad1c0807aedc66d8944f02c85e360b4a23f372e8e99fc65f2ca6d1.jpg','51,500원','리뷰 0건','판매자 평점 별5개 중 0.0개');
INSERT INTO iotd_item VALUES(54,'model_17','세가지 패턴 사선 넥타이 패션소품 남자 옷도매 의류 리즈코 여름신상 자동 남성 스트라이프무늬','Coupang','https://www.coupang.com/vp/products/279213293?itemId=886026872&vendorItemId=5231128593&q=%EC%82%AC%EC%84%A0+%EB%84%A5%ED%83%80%EC%9D%B4&itemsCount=36&searchId=8fd3055deb2f4d7f82603e55230e52d1&rank=35&isAddedCart=','https://thumbnail14.coupangcdn.com/thumbnails/remote/492x492ex/image/vendor_inventory/0b50/86cca709b3cec5a0b5ced9b50c3a4fc229603b271020be799d66267dffc9.jpg','19,010원','리뷰 0건','판매자 평점 별5개 중 0.0개');
INSERT INTO iotd_item VALUES(55,'model_17','남자 100 % 실크 페인 아메리칸 립 스트라이프 스트라이프 스키니 넥타이 넥타이 (블랙 & 그레이)','Coupang','https://www.coupang.com/vp/products/207709131?itemId=615245909&vendorItemId=4614286912&q=%EB%B8%94%EB%9E%99+%EA%B7%B8%EB%A0%88%EC%9D%B4+%EC%8A%A4%ED%8A%B8%EB%9D%BC%EC%9D%B4%ED%94%84+%EB%84%A5%ED%83%80%EC%9D%B4&itemsCount=36&searchId=40f5f6a5fa7a499085eb99f769e2d115&rank=68&isAddedCart=','https://thumbnail11.coupangcdn.com/thumbnails/remote/492x492ex/image/vendor_inventory/e8f2/7968cdad1c0807aedc66d8944f02c85e360b4a23f372e8e99fc65f2ca6d1.jpg','51,500원','리뷰 0건','판매자 평점 별5개 중 0.0개');
INSERT INTO iotd_item VALUES(56,'model_17','Secdtie 남성 스트라이프 그레이 블랙 자카드 직물 실크 넥타이 정장 넥타이 TW01','Coupang','https://www.coupang.com/vp/products/279172231?itemId=885908256&vendorItemId=5230887605&q=%EB%B8%94%EB%9E%99+%EA%B7%B8%EB%A0%88%EC%9D%B4+%EC%8A%A4%ED%8A%B8%EB%9D%BC%EC%9D%B4%ED%94%84+%EB%84%A5%ED%83%80%EC%9D%B4&itemsCount=36&searchId=40f5f6a5fa7a499085eb99f769e2d115&rank=54&isAddedCart=','https://thumbnail13.coupangcdn.com/thumbnails/remote/492x492ex/image/vendor_inventory/360c/b9fe493a5148707f2026ccfa1dbfc0316412748b337b9f5f7bc0fdc4395a.jpg','26,500원','리뷰 0건','판매자 평점 별5개 중 0.0개');
INSERT INTO iotd_item VALUES(57,'model_21','어버너 클레식 페이즐리 넥타이 모음','Coupang','https://www.coupang.com/vp/products/207609482?itemId=614835021&vendorItemId=4613294880&q=%EB%84%A5%ED%83%80%EC%9D%B4&itemsCount=36&searchId=58bec9658608441d886f62c108a3697e&rank=68&isAddedCart=','https://thumbnail12.coupangcdn.com/thumbnails/remote/492x492ex/image/vendor_inventory/cd36/caa49804b097e057fcfa740bce9035c6a47cc85c34686635a6e9703d68ce.jpg','4,900원','리뷰 4건','판매자 평점 별5개 중 4.0개');
INSERT INTO iotd_item VALUES(58,'model_21','[예작셔츠]아스콧타이 페이즐리아스콧YXAAT9150-네이비','11번가','http://www.11st.co.kr/product/SellerProductDetail.tmall?method=getSellerProductDetail&prdNo=973992159&trTypeCd=21&trCtgrNo=585021&lCtgrNo=1001306&mCtgrNo=1001792','http://i.011st.com/ex_t/R/400x400/1/85/0/src/pd/19/9/9/2/1/5/9/QOVxg/973992159_B.jpg','69,280원','리뷰 0건','판매자 평점 별5개 중 0.0개');
INSERT INTO iotd_item VALUES(59,'model_21','남자타이 페이즐리 블랙 넥타이 BV1017008 남자넥타이 20대넥타이 실크넥타이 슬림넥타','11번가','http://www.11st.co.kr/product/SellerProductDetail.tmall?method=getSellerProductDetail&prdNo=2259502600&trTypeCd=21&trCtgrNo=585021&lCtgrNo=1001322&mCtgrNo=1001965','http://i.011st.com/ex_t/R/400x400/1/85/0/src/pd/18/5/0/2/6/0/0/kkfin/2259502600_B.jpg','18,730원','리뷰 0건','판매자 평점 별5개 중 0.0개');
INSERT INTO iotd_item VALUES(60,'model_22','남성 스키니 짠 슬림 담당자 블랙 & 화이트 남성 줄무늬 타이를 들어 수제 스트라이프 타이 : 얇은 넥타이 모든 의상 세련된 넥타이 LUTHE','Coupang','https://www.coupang.com/vp/products/300781747?itemId=946908183&vendorItemId=5337061037&q=%EB%B8%94%EB%9E%99+%EC%95%A4+%ED%99%94%EC%9D%B4%ED%8A%B8+%EB%84%A5%ED%83%80%EC%9D%B4&itemsCount=36&searchId=f45f9294e5694f02ae40a4377e7ab159&rank=34&isAddedCart=','https://thumbnail14.coupangcdn.com/thumbnails/remote/492x492ex/image/vendor_inventory/1c64/fd9e6fb09efea0deca1edc6556a62a3a6cf0afa684ba3a5d176896ba7967.jpg','31,900원','리뷰 0건','판매자 평점 별5개 중 0.0개');
INSERT INTO iotd_item VALUES(61,'model_22','[레디핏] 화이트 스트라이프 블랙 자동넥타이_GA5088','11번가','http://www.11st.co.kr/product/SellerProductDetail.tmall?method=getSellerProductDetail&prdNo=1828721172&trTypeCd=21&trCtgrNo=585021&lCtgrNo=1001306&mCtgrNo=1001788','http://i.011st.com/ex_t/R/400x400/1/85/0/src/pd/19/7/2/1/1/7/2/qhtnv/1828721172_B.jpg','6,000원','리뷰 0건','판매자 평점 별5개 중 0.0개');
INSERT INTO iotd_item VALUES(62,'model_22','클래식 스트라이프 블랙/화이트 넥타이','11번가','http://www.11st.co.kr/product/SellerProductDetail.tmall?method=getSellerProductDetail&prdNo=2386418567&trTypeCd=21&trCtgrNo=585021&lCtgrNo=1001322&mCtgrNo=1001965','http://i.011st.com/ex_t/R/400x400/1/85/0/src/pd/19/4/1/8/5/6/7/bBjmy/2386418567_B.jpg','9,700원','리뷰 0건','판매자 평점 별5개 중 0.0개');
INSERT INTO iotd_item VALUES(63,'model_23','[현대백화점][S.T.듀퐁넥타이] 와인 사선 넥타이 (TD8FM62KA250TWN)','Coupang','https://www.coupang.com/vp/products/274520954?itemId=866490272&vendorItemId=5194332238&q=%EC%82%AC%EC%84%A0+%EB%84%A5%ED%83%80%EC%9D%B4&itemsCount=36&searchId=cd99d027084a44adb0e5ab633222f8ca&rank=103&isAddedCart=','https://thumbnail15.coupangcdn.com/thumbnails/remote/230x230ex/image/vendor_inventory/53c9/e396dfcb2383deab4ad3d844ebe4cc5d35fa6fe5174f25391e57bc2f1c32.jpg','49,000원','리뷰 0건','판매자 평점 별5개 중 0.0개');
INSERT INTO iotd_item VALUES(64,'model_23','[듀퐁넥타이]레드 화이트 스트라이프 넥타이 TD9SM61KA212TPP(강남점)','11번가','http://www.11st.co.kr/product/SellerProductDetail.tmall?method=getSellerProductDetail&prdNo=2320434056&trTypeCd=21&trCtgrNo=585021&lCtgrNo=1001322&mCtgrNo=1001965','http://i.011st.com/ex_t/R/400x400/1/85/0/src/pd/19/4/3/4/0/5/6/dKeGh/2320434056_B.jpg','64,370원','리뷰 0건','판매자 평점 별5개 중 0.0개');
INSERT INTO iotd_item VALUES(65,'model_23','[하프클럽/STCO]화이트 스트라이프 레드 ZIP타이_SNTQZ82NTR','11번가','http://www.11st.co.kr/product/SellerProductDetail.tmall?method=getSellerProductDetail&prdNo=2507412162&trTypeCd=21&trCtgrNo=585021&lCtgrNo=1001306&mCtgrNo=1001788','http://i.011st.com/ex_t/R/400x400/1/85/0/src/pd/19/4/1/2/1/6/2/IpeTj/2507412162_B.jpg','37,510원','리뷰 0건','판매자 평점 별5개 중 0.0개');
INSERT INTO iotd_item VALUES(66,'model_25','[루이까또즈_넥타이(남성)]루이까또즈 중년층에 어울릴 네이비 도트넥타이','11번가','http://www.11st.co.kr/product/SellerProductDetail.tmall?method=getSellerProductDetail&prdNo=2108787645&trTypeCd=21&trCtgrNo=585021&lCtgrNo=1001306&mCtgrNo=1001788','http://i.011st.com/ex_t/R/400x400/1/85/0/src/pd/19/7/8/7/6/4/5/DOMJf/2108787645_B.jpg','29,640원','리뷰 0건','판매자 평점 별5개 중 0.0개');
INSERT INTO iotd_item VALUES(67,'model_25','LTIE-058 화이트도트넥타이 (솔리드) 네이비 타이 넥타이 솔리드넥타이 패션','11번가','http://www.11st.co.kr/product/SellerProductDetail.tmall?method=getSellerProductDetail&prdNo=2632049631&trTypeCd=21&trCtgrNo=585021&lCtgrNo=1001322&mCtgrNo=1001965','http://i.011st.com/ex_t/R/400x400/1/85/0/src/pd/19/0/4/9/6/3/1/IpKcV/2632049631_B.jpg','14,560원','리뷰 0건','판매자 평점 별5개 중 0.0개');
INSERT INTO iotd_item VALUES(68,'model_25','자동 7cm 넥타이 KN-1020','Coupang','https://www.coupang.com/vp/products/247840556?itemId=784677343&vendorItemId=4937899329&q=%EB%84%A5%ED%83%80%EC%9D%B4&itemsCount=36&searchId=e66538cf6f0346e1a4535d820b5b08ad&rank=351&isAddedCart=','https://thumbnail13.coupangcdn.com/thumbnails/remote/492x492ex/image/vendor_inventory/daab/d7e21d338d5fe53bdd98f5041d8d945bf64e91ce52cbb3b237c764085dc3.jpg','7,800원','리뷰 0건','판매자 평점 별5개 중 0.0개');
INSERT INTO iotd_item VALUES(69,'model_24','BASSO homme 옐로우 사선 스트라이프 자가드 넥타이','Coupang','https://www.coupang.com/vp/products/313478723?itemId=991291384&vendorItemId=5434271657&q=%EC%98%90%EB%A1%9C%EC%9A%B0+%EC%8A%A4%ED%8A%B8%EB%9D%BC%EC%9D%B4%ED%94%84+%EB%84%A5%ED%83%80%EC%9D%B4&itemsCount=36&searchId=f2c3729deb044422aac742fc71bc8f6c&rank=90&isAddedCart=','https://thumbnail12.coupangcdn.com/thumbnails/remote/492x492ex/image/vendor_inventory/ba5c/b2b1aa9c70c37125515c26eb7ff835d1f86fefa7e3b0be1d643cafa3769e.jpg','17,860원','리뷰 0건','판매자 평점 별5개 중 0.0개');
INSERT INTO iotd_item VALUES(70,'model_24','[레디핏*][하프클럽/레디핏]네이비 머스타드 스트라이프 자동넥타이_GA5076','11번가','http://www.11st.co.kr/product/SellerProductDetail.tmall?method=getSellerProductDetail&prdNo=2595045685&trTypeCd=21&trCtgrNo=585021&lCtgrNo=1001306&mCtgrNo=1001788','http://i.011st.com/ex_t/R/400x400/1/85/0/src/pd/19/0/4/5/6/8/5/Jlcnj/2595045685_B.jpg','6,000원','리뷰 0건','판매자 평점 별5개 중 0.0개');
INSERT INTO iotd_item VALUES(71,'model_24','Clericci/Clericci Mens Necktie Gold Brown and Blue Stripe Premium Tie/2370016236','11번가','http://www.11st.co.kr/product/SellerProductDetail.tmall?method=getSellerProductDetail&prdNo=2309757367&trTypeCd=21&trCtgrNo=585021','http://i.011st.com/ex_t/R/400x400/1/85/0/src/pd/19/7/5/7/3/6/7/sqMqG/2309757367_B.jpg','29,700원','리뷰 0건','판매자 평점 별5개 중 0.0개');
INSERT INTO iotd_item VALUES(72,'model_3','넥타이 시즌 13 버건디계열 3 colors 자동넥타이 교복넥타이 넥타이 자동넥타이 남자넥타이 여자넥타이','11번가','http://www.11st.co.kr/product/SellerProductDetail.tmall?method=getSellerProductDetail&prdNo=2640943727&trTypeCd=21&trCtgrNo=585021&lCtgrNo=1001322&mCtgrNo=1001965','http://i.011st.com/ex_t/R/400x400/1/85/0/src/pd/19/9/4/3/7/2/7/wJKsA/2640943727_B.jpg','8,200원','리뷰 0건','판매자 평점 별5개 중 0.0개');
INSERT INTO iotd_item VALUES(73,'model_3','[현대백화점]레노마넥타이 VJSTR1028 3종 中 택1 삼색 사선 스트라이프 넥타이','Coupang','https://www.coupang.com/vp/products/275612334?itemId=871931308&vendorItemId=5203098635&q=%EC%82%AC%EC%84%A0%EC%8A%A4%ED%8A%B8%EB%9D%BC%EC%9D%B4%ED%94%84%EB%84%A5%ED%83%80%EC%9D%B4&itemsCount=36&searchId=d2fe70a310814c66a2db7e035d492b11&rank=0&isAddedCart=','https://thumbnail12.coupangcdn.com/thumbnails/remote/230x230ex/image/vendor_inventory/cb59/725ed5bb6e9998844b1d7f4456711c45fbf48e3cc227dc771ddf248bd8ed.jpg','50,030원','리뷰 0건','판매자 평점 별5개 중 0.0개');
INSERT INTO iotd_item VALUES(74,'model_3','사선 노이즈 넥타이 패턴 남자옷 남성 리즈코 스트라이프무늬 남성의류 남자옷도매 남자의류 svol','Coupang','https://www.coupang.com/vp/products/287135716?itemId=910055513&vendorItemId=4980737149&q=%EC%82%AC%EC%84%A0%EC%8A%A4%ED%8A%B8%EB%9D%BC%EC%9D%B4%ED%94%84%EB%84%A5%ED%83%80%EC%9D%B4&itemsCount=36&searchId=d2fe70a310814c66a2db7e035d492b11&rank=16&isAddedCart=','https://thumbnail11.coupangcdn.com/thumbnails/remote/492x492ex/image/vendor_inventory/fe34/1b331e9ecb3e573d25d50f81b62d85f687c77efe853be0cb63eab8f3c42e.jpg','19,270원','리뷰 0건','판매자 평점 별5개 중 0.0개');
INSERT INTO iotd_item VALUES(75,'model_4','LTIE030 브라운 정장소품 넥타이기본 기본 넥타이패션 넥타이','11번가','http://www.11st.co.kr/product/SellerProductDetail.tmall?method=getSellerProductDetail&prdNo=2642599321&trTypeCd=21&trCtgrNo=585021','http://i.011st.com/ex_t/R/400x400/1/85/0/src/pd/19/5/9/9/3/2/1/YFUiy/2642599321_B.jpg','14,560원','리뷰 0건','판매자 평점 별5개 중 0.0개');
INSERT INTO iotd_item VALUES(76,'model_4','LTIE-085 마름모컬러 넥타이 (솔리드) 레드.그레이.브라운 패션넥타이 패션소품 패션잡화 넥타이선물 넥타','11번가','http://www.11st.co.kr/product/SellerProductDetail.tmall?method=getSellerProductDetail&prdNo=2642596600&trTypeCd=21&trCtgrNo=585021','http://i.011st.com/ex_t/R/400x400/1/85/0/src/pd/19/5/9/6/6/0/0/jAOZL/2642596600_B.jpg','14,560원','리뷰 0건','판매자 평점 별5개 중 0.0개');
INSERT INTO iotd_item VALUES(77,'model_4','LTIE-089 쁘띠꽃 넥타이 (솔리드) 브라운.네이비 넥타이 패션소품 남자넥타이 와이셔츠넥타이 패션넥타이','11번가','http://www.11st.co.kr/product/SellerProductDetail.tmall?method=getSellerProductDetail&prdNo=2642596247&trTypeCd=21&trCtgrNo=585021','http://i.011st.com/ex_t/R/400x400/1/85/0/src/pd/19/5/9/6/2/4/7/WAaxq/2642596247_B.jpg','14,560원','리뷰 0건','판매자 평점 별5개 중 0.0개');
INSERT INTO iotd_item VALUES(78,'model_30','남성 실크 넥타이 포켓 스퀘어 세트 비즈니스 정장을위한 DiBanGu 회색 넥타이','Coupang','https://www.coupang.com/vp/products/321661388?itemId=1029787181&vendorItemId=5477043005&q=%ED%9A%8C%EC%83%89+%EB%84%A5%ED%83%80%EC%9D%B4&itemsCount=36&searchId=7f919192899741d9adf0fcb3fb2497f3&rank=44&isAddedCart=','https://thumbnail15.coupangcdn.com/thumbnails/remote/492x492ex/image/vendor_inventory/daf2/910b93d881f217d529b8014ca9edf11c1d3567072d48c3d10e584320070a.jpg','28,300원','리뷰 0건','판매자 평점 별5개 중 0.0개');
INSERT INTO iotd_item VALUES(79,'model_31','아테스토니 심플포인트 넥타이 HNBTM10024','Coupang','https://www.coupang.com/vp/products/176585401?itemId=504820404&vendorItemId=4442287563&q=%ED%9A%8C%EC%83%89+%EB%84%A5%ED%83%80%EC%9D%B4&itemsCount=36&searchId=958f6dad851c4153af35d78998458a48&rank=10&isAddedCart=','https://thumbnail12.coupangcdn.com/thumbnails/remote/230x230ex/image/retail/images/2019/02/28/14/9/95934cb4-327d-4abe-924c-95164dc1770a.jpg','85,680원','리뷰 1건','판매자 평점 별5개 중 5.0개');
CREATE TABLE IF NOT EXISTS "django_session" ("session_key" varchar(40) NOT NULL PRIMARY KEY, "session_data" text NOT NULL, "expire_date" datetime NOT NULL);
DELETE FROM sqlite_sequence;
INSERT INTO sqlite_sequence VALUES('django_migrations',18);
INSERT INTO sqlite_sequence VALUES('django_admin_log',4);
INSERT INTO sqlite_sequence VALUES('django_content_type',7);
INSERT INTO sqlite_sequence VALUES('auth_permission',28);
INSERT INTO sqlite_sequence VALUES('auth_user',1);
INSERT INTO sqlite_sequence VALUES('auth_group',0);
INSERT INTO sqlite_sequence VALUES('iotd_item',79);
CREATE UNIQUE INDEX "auth_group_permissions_group_id_permission_id_0cd325b0_uniq" ON "auth_group_permissions" ("group_id", "permission_id");
CREATE INDEX "auth_group_permissions_group_id_b120cbf9" ON "auth_group_permissions" ("group_id");
CREATE INDEX "auth_group_permissions_permission_id_84c5c92e" ON "auth_group_permissions" ("permission_id");
CREATE UNIQUE INDEX "auth_user_groups_user_id_group_id_94350c0c_uniq" ON "auth_user_groups" ("user_id", "group_id");
CREATE INDEX "auth_user_groups_user_id_6a12ed8b" ON "auth_user_groups" ("user_id");
CREATE INDEX "auth_user_groups_group_id_97559544" ON "auth_user_groups" ("group_id");
CREATE UNIQUE INDEX "auth_user_user_permissions_user_id_permission_id_14a6b632_uniq" ON "auth_user_user_permissions" ("user_id", "permission_id");
CREATE INDEX "auth_user_user_permissions_user_id_a95ead1b" ON "auth_user_user_permissions" ("user_id");
CREATE INDEX "auth_user_user_permissions_permission_id_1fbb5f2c" ON "auth_user_user_permissions" ("permission_id");
CREATE INDEX "django_admin_log_content_type_id_c4bce8eb" ON "django_admin_log" ("content_type_id");
CREATE INDEX "django_admin_log_user_id_c564eba6" ON "django_admin_log" ("user_id");
CREATE UNIQUE INDEX "django_content_type_app_label_model_76bd3d3b_uniq" ON "django_content_type" ("app_label", "model");
CREATE UNIQUE INDEX "auth_permission_content_type_id_codename_01ab375a_uniq" ON "auth_permission" ("content_type_id", "codename");
CREATE INDEX "auth_permission_content_type_id_2f476e4b" ON "auth_permission" ("content_type_id");
CREATE INDEX "django_session_expire_date_a5c62663" ON "django_session" ("expire_date");
COMMIT;
